{
  "Patapsco Hall": [
    39.25522057435097,
    -76.70673424078734
  ],
  "Information Technology/Engineering": [
    39.25382690093631,
    -76.7142865495617
  ],
  "Engineering": [
    39.25451445081988,
    -76.71396849001125
  ],
  "Fine Arts": [
    39.25517019233373,
    -76.71363029520731
  ],
  "Meyerhoff Hall": [
    39.25495546405368,
    -76.7128715967123
  ],
  "University Center": [
    39.25431693874006,
    -76.71324154497009
  ],
  "Sherman Hall": [
    39.25366273326299,
    -76.71341326891778
  ],
  "Sondheim Hall": [
    39.253461702183905,
    -76.7127891843052
  ],
  "Mathematics & Psychology": [
    39.25409789616132,
    -76.71246349873815
  ],
  "Biological Sciences": [
    39.25474165093678,
    -76.71222886421914
  ],
  "Administration": [
    39.253058277794445,
    -76.71349174097311
  ],
  "Alumni House": [
    39.25818763574063,
    -76.71776109345853
  ],
  "Lecture Hall One": [
    39.25481150859819,
    -76.71182700152308
  ],
  "Campus Police": [
    39.25733352311776,
    -76.71413092314512
  ],
  "Central Plant": [
    39.257442979166186,
    -76.71387571324438
  ],
  "Child Care Center": [
    39.258033650227596,
    -76.70812791516012
  ],
  "The Commons": [
    39.25492226615232,
    -76.71099366398224
  ],
  "Greenhouse": [
    39.25818506469138,
    -76.71356633993199
  ],
  "Martin Schwartz Hall": [
    39.25522606686778,
    -76.71192589091157
  ],
  "Facilities Management": [
    39.252546881466316,
    -76.70454850256476
  ],
  "Physics": [
    39.25450666671238,
    -76.70961198102393
  ],
  "Potomac Hall": [
    39.255982084411976,
    -76.70672519938961
  ],
  "Public Policy": [
    39.25519060239331,
    -76.7091419849214
  ],
  "True Grit's": [
    39.25591818988842,
    -76.70768739261848
  ],
  "Retriever Activities Center": [
    39.2528236603777,
    -76.71248236117911
  ],
  "Satellite Utility Plant": [
    39.256984867897565,
    -76.70693577691094
  ],
  "Surge Facility": [
    39.256787,
    -76.7196684
  ],
  "Susquehanna Hall": [
    39.255755424181835,
    -76.70865009783218
  ],
  "Technology Research Center": [
    39.255051464783804,
    -76.70237922999854
  ],
  "Tuckahoe": [
    39.25760830504028,
    -76.7109281447206
  ],
  "Walker Avenue Apartments I": [
    39.25951932191283,
    -76.71383103322896
  ],
  "Walker Avenue Apartments III": [
    39.25853854919708,
    -76.71518773875302
  ],
  "Warehouse Central Receiving": [
    39.253271526495176,
    -76.70532481509089
  ],
  "Choptank": [
    39.25878505682258,
    -76.71309236684746
  ],
  "Tangier": [
    39.25892597737901,
    -76.71279792525563
  ],
  "Magothy": [
    39.25906802974926,
    -76.7124981396055
  ],
  "Wye": [
    39.25864754063066,
    -76.71249441788811
  ],
  "Chester": [
    39.258904298339374,
    -76.71177966800222
  ],
  "bwtech@UMBC": [
    39.249753818997036,
    -76.71243588527916
  ],
  "Harbor Hall": [
    39.257278071846855,
    -76.70800436942633
  ],
  "Ticket Booth": [
    39.2514824,
    -76.70904715
  ],
  "Ticket booth": [
    39.25183708383202,
    -76.70570672220545
  ],
  "Albin O. Kuhn Library and Gallery": [
    39.25660400887215,
    -76.71162466593336
  ],
  "Chesapeake Hall": [
    39.25666441994237,
    -76.7084889562278
  ],
  "Administration Drive Garage": [
    39.25194676227187,
    -76.71267395590266
  ],
  "5525 Allegis": [
    39.24966534633758,
    -76.71135730066716
  ],
  "Erickson Hall": [
    39.2570481095036,
    -76.7096690175966
  ],
  "Performing Arts & Humanities": [
    39.255253321987034,
    -76.7153724037578
  ],
  "Walker Avenue Apartments II": [
    39.258855554469356,
    -76.71425169042922
  ],
  "Recreation House": [
    39.258488400000005,
    -76.71715605
  ],
  "ROTC House": [
    39.258891846421385,
    -76.71709935556845
  ],
  "Tech 2 Building": [
    39.255700586793374,
    -76.7029983295683
  ],
  "NaN": [
    39.25917404816901,
    -76.71392458302529
  ],
  "Walker Avenue Garage": [
    39.25731043378312,
    -76.71239952530678
  ],
  "West Hills Community Center": [
    39.25815460287955,
    -76.71196781583753
  ],
  "Chesapeake Employers Insurance Arena": [
    39.25196502950694,
    -76.70710301491197
  ],
  "Interdisciplinary Life Sciences Building": [
    39.253950833679504,
    -76.71084552206194
  ],
  "Chemistry Lecture Hall": [
    39.2548673226347,
    -76.71259298058146
  ],
  "Elk": [
    39.25781893097416,
    -76.70943113875015
  ],
  "Sideling": [
    39.25842125380694,
    -76.70877910754761
  ],
  "Deep Creek": [
    39.25777131459657,
    -76.70892839740895
  ],
  "Breton": [
    39.258100755683984,
    -76.70869651053094
  ],
  "Casselman": [
    39.25806129884382,
    -76.70911713483648
  ],
  "Manokin": [
    39.2586470897028,
    -76.70920897513099
  ],
  "Pocomoke": [
    39.25836300625107,
    -76.70915454311455
  ],
  "Patuxent": [
    39.258236157302825,
    -76.70957594407524
  ],
  "Wicomico": [
    39.25798998562958,
    -76.70982741606352
  ],
  "Chincoteague": [
    39.25755483122622,
    -76.71042770469894
  ],
  "Antietam": [
    39.257776461819795,
    -76.71013260660915
  ],
  "Sassafras": [
    39.25809423002137,
    -76.7101791241122
  ],
  "Monocacy": [
    39.25800877764293,
    -76.71081409845316
  ],
  "Nanticoke": [
    39.25796038358228,
    -76.71155004100908
  ],
  "Gunpowder": [
    39.25784221133572,
    -76.71117204955928
  ],
  "The Center For Well-Being": [
    39.25607040241589,
    -76.70892254018104
  ]
}